name,price
Kawa mielona Brazylia Santos 1kg,83.00 zł
Kawa ziarnista Brazylia Santos 1kg,83.00 zł
Kawa mielona Brazylia Santos 500g,46.00 zł
Kawa ziarnista Brazylia Santos 500g,46.00 zł
Kawa mielona Brazylia Santos 250g,28.00 zł
Kawa ziarnista Brazylia Santos 250g,28.00 zł
Kawa mielona Nikaragua SHG 1kg,96.00 zł
Kawa ziarnista Nikaragua SHG 1kg,96.00 zł
Kawa mielona Nikaragua SHG 500g,50.00 zł
Kawa ziarnista Nikaragua SHG 500g,50.00 zł
Kawa mielona Nikaragua SHG 250g,29.00 zł
Kawa ziarnista Nikaragua SHG 250g,29.00 zł
Kawa mielona Honduras SHG 1kg,99.00 zł
Kawa ziarnista Honduras SHG 1kg,99.00 zł
Kawa mielona Honduras SHG 500g,53.00 zł
Kawa ziarnista Honduras SHG 500g,53.00 zł
Kawa mielona Honduras SHG 250g,30.00 zł
Kawa ziarnista Honduras SHG 250g,30.00 zł
Kawa mielona India Monsoon Malabar AA 1kg,99.00 zł
Kawa ziarnista India Monsoon Malabar AA 1kg,99.00 zł
Kawa mielona India Monsoon Malabar AA 500g,53.00 zł
Kawa ziarnista India Monsoon Malabar AA 500g,53.00 zł
Kawa mielona India Monsoon Malabar AA 250g,30.00 zł
Kawa ziarnista India Monsoon Malabar AA 250g,30.00 zł
Kawa mielona Etiopia Yirgacheffe 1kg,135.00 zł
Kawa ziarnista Etiopia Yirgacheffe 1kg,135.00 zł
Kawa mielona Etiopia Yirgacheffe 500g,69.00 zł
Kawa ziarnista Etiopia Yirgacheffe 500g,69.00 zł
Kawa mielona Etiopia Yirgacheffe 250g,35.00 zł
Kawa ziarnista Etiopia Yirgacheffe 250g,35.00 zł
Kawa mielona Kolumbia Excelso Ep Medellin 1kg,96.00 zł
Kawa ziarnista Kolumbia Excelso Ep Medellin 1kg,96.00 zł
Kawa mielona Kolumbia Excelso Ep Medellin 500g,50.00 zł
Kawa ziarnista Kolumbia Excelso Ep Medellin 500g,50.00 zł
Kawa mielona Kolumbia Excelso Ep Medellin 250g,29.00 zł
Kawa ziarnista Kolumbia Excelso Ep Medellin 250g,29.00 zł
Kawa mielona Brazylia Yellow Burbon Fazenda Rainha 1kg,99.00 zł
Kawa ziarnista Brazylia Yellow Burbon Fazenda Rainha 1kg,99.00 zł
Kawa mielona Brazylia Yellow Burbon Fazenda Rainha 500g,53.00 zł
Kawa ziarnista Brazylia Yellow Burbon Fazenda Rainha 500g,53.00 zł
Kawa mielona Brazylia Yellow Burbon Fazenda Rainha 250g,30.00 zł
Kawa ziarnista Brazylia Yellow Burbon Fazenda Rainha 250g,30.00 zł
Kawa mielona India Plantation 1kg,96.00 zł
Kawa ziarnista India Plantation 1kg,96.00 zł
Kawa mielona India Plantation 500g,50.00 zł
Kawa ziarnista India Plantation 500g,50.00 zł
Kawa mielona India Plantation 250g,29.00 zł
Kawa ziarnista India Plantation 250g,29.00 zł
Kawa mielona Brazylia Cerrado 1kg,86.00 zł
Kawa ziarnista Brazylia Cerrado 1kg,86.00 zł
Kawa mielona Brazylia Cerrado 500g,48.00 zł
Kawa ziarnista Brazylia Cerrado 500g,48.00 zł
Kawa mielona Brazylia Cerrado 250g,28.00 zł
Kawa ziarnista Brazylia Cerrado 250g,28.00 zł
Kawa mielona Brazylia Sao Rafael 1kg,83.00 zł
Kawa ziarnista Brazylia Sao Rafael 1kg,83.00 zł
Kawa mielona Brazylia Sao Rafael 500g,46.00 zł
Kawa ziarnista Brazylia Sao Rafael 500g,46.00 zł
Kawa mielona Brazylia Sao Rafael 250g,28.00 zł
Kawa ziarnista Brazylia Sao Rafael 250g,28.00 zł
Kawa mielona Peru HB 1kg,96.00 zł
Kawa ziarnista Peru HB 1kg,96.00 zł
Kawa mielona Peru HB 500g,50.00 zł
Kawa ziarnista Peru HB 500g,50.00 zł
Kawa mielona Peru HB 250g,29.00 zł
Kawa ziarnista Peru HB 250g,29.00 zł
Kawa mielona Brazylia Mogiana 1kg,92.00 zł
Kawa ziarnista Brazylia Mogiana 1kg,92.00 zł
Kawa mielona Brazylia Mogiana 500g,49.00 zł
Kawa ziarnista Brazylia Mogiana 500g,49.00 zł
Kawa mielona Brazylia Mogiana 250g,29.00 zł
Kawa ziarnista Brazylia Mogiana 250g,29.00 zł
Kawa mielona Gwatemala SHB Huehuetenango 1kg,99.00 zł
Kawa ziarnista Gwatemala SHB Huehuetenango 1kg,99.00 zł
Kawa mielona Gwatemala SHB Huehuetenango 500g,53.00 zł
Kawa ziarnista Gwatemala SHB Huehuetenango 500g,53.00 zł
Kawa mielona Gwatemala SHB Huehuetenango 250g,30.00 zł
Kawa ziarnista Gwatemala SHB Huehuetenango 250g,30.00 zł
Kawa mielona Salwador SHG 1kg,103.00 zł
Kawa ziarnista Salwador SHG 1kg,103.00 zł
Kawa mielona Salwador SHG 500g,55.00 zł
Kawa ziarnista Salwador SHG 500g,55.00 zł
Kawa mielona Salwador SHG 250g,30.00 zł
Kawa ziarnista Salwador SHG 250g,30.00 zł
Kawa mielona Etiopia Djimmah 1kg,98.00 zł
Kawa ziarnista Etiopia Djimmah 1kg,98.00 zł
Kawa mielona Etiopia Djimmah 500g,55.00 zł
Kawa ziarnista Etiopia Djimmah 500g,55.00 zł
Kawa mielona Etiopia Djimmah 250g,35.00 zł
Kawa ziarnista Etiopia Djimmah 250g,35.00 zł
Kawa mielona Brasilia Decaf 1kg,110.00 zł
Kawa ziarnista Brasilia Decaf 1kg,110.00 zł
Kawa mielona Brasilia Decaf 500g,59.00 zł
Kawa ziarnista Brasilia Decaf 500g,59.00 zł
Kawa mielona Brasilia Decaf 250g,35.00 zł
Kawa ziarnista Brasilia Decaf 250g,35.00 zł
Kawa mielona Taka dla Ciebie 1kg,59.99 zł
Kawa ziarnista Taka dla Ciebie 1kg,59.99 zł
Kawa mielona Taka dla Ciebie 500g,35.00 zł
Kawa ziarnista Taka dla Ciebie 500g,35.00 zł
Kawa mielona Taka dla Ciebie 250g,22.00 zł
Kawa ziarnista Taka dla Ciebie 250g,22.00 zł
Kawa mielona Taka jak lubisz 1kg,59.99 zł
Kawa ziarnista Taka jak lubisz 1kg,59.99 zł
Kawa mielona Taka jak lubisz 500g,35.00 zł
Kawa ziarnista Taka jak lubisz 500g,35.00 zł
Kawa mielona Taka jak lubisz 250g,22.00 zł
Kawa ziarnistaTaka jak lubisz 250g,22.00 zł
Kawa mielona Kongo Kivu 1kg,129.00 zł
Kawa ziarnista Kongo Kivu 1kg,129.00 zł
Kawa mielona Kongo Kivu 500g,67.00 zł
Kawa ziarnista Kongo Kivu 500g,67.00 zł
Kawa mielona Kongo Kivu 250g,32.00 zł
Kawa ziarnista Kongo Kivu 250g,32.00 zł
Kawa mielona Etiopia Sidamo 1kg,129.00 zł
Kawa ziarnista Etiopia Sidamo 1kg,129.00 zł
Kawa mielona Etiopia Sidamo 500g,67.00 zł
Kawa ziarnista Etiopia Sidamo 500g,67.00 zł
Kawa mielona Etiopia Sidamo 250g,32.00 zł
Kawa ziarnista Etiopia Sidamo 250,32.00 zł
